{
    "loss": [
        0.41627341508865356,
        0.14786198735237122,
        0.1672099083662033,
        0.08185877650976181,
        0.10000263899564743,
        0.09635788947343826
    ],
    "accuracy": [
        0.8741116523742676,
        0.9624365568161011,
        0.955329954624176,
        0.972588837146759,
        0.9685279130935669,
        0.9675126671791077
    ],
    "val_loss": [
        0.1499076783657074,
        0.19457188248634338,
        0.08544918149709702,
        0.09349431842565536,
        0.09156035631895065,
        0.08062391728162766
    ],
    "val_accuracy": [
        0.9543067216873169,
        0.9474790096282959,
        0.9768907427787781,
        0.9742646813392639,
        0.9721638560295105,
        0.9753151535987854
    ]
}