{
    "loss": [
        0.7700348496437073,
        0.33317404985427856,
        0.273551344871521,
        0.26758530735969543,
        0.17821542918682098,
        0.268388032913208
    ],
    "accuracy": [
        0.7611218690872192,
        0.8781431317329407,
        0.9129593968391418,
        0.9090909361839294,
        0.9352030754089355,
        0.9139264822006226
    ],
    "val_loss": [
        0.5949841737747192,
        0.3921061158180237,
        0.37849152088165283,
        0.40616026520729065,
        0.4491494297981262,
        0.4428469240665436
    ],
    "val_accuracy": [
        0.8270348906517029,
        0.9178779125213623,
        0.9084302186965942,
        0.9207848906517029,
        0.8968023061752319,
        0.9244186282157898
    ]
}