{
    "loss": [
        0.46690645813941956,
        0.1794877052307129,
        0.1529550850391388,
        0.1406678408384323,
        0.10167763382196426,
        0.1097506731748581
    ],
    "accuracy": [
        0.8618744611740112,
        0.9411976337432861,
        0.9515005946159363,
        0.9530781507492065,
        0.967707097530365,
        0.9671186804771423
    ],
    "val_loss": [
        0.2938530147075653,
        0.3140358030796051,
        0.4384191632270813,
        0.3071449100971222,
        0.4047795534133911,
        0.25787198543548584
    ],
    "val_accuracy": [
        0.9104413390159607,
        0.9143276810646057,
        0.8854823112487793,
        0.921668529510498,
        0.9101822376251221,
        0.9378184676170349
    ]
}