{
    "loss": [
        0.40911775827407837,
        0.16214068233966827,
        0.10707084834575653,
        0.09125644713640213,
        0.06802519410848618,
        0.11619358509778976
    ],
    "accuracy": [
        0.8571428656578064,
        0.9422740340232849,
        0.9644314646720886,
        0.9702624082565308,
        0.9772594571113586,
        0.9574344158172607
    ],
    "val_loss": [
        0.12848594784736633,
        0.11596110463142395,
        0.11209007352590561,
        0.1555464118719101,
        0.1556692272424698,
        0.12998917698860168
    ],
    "val_accuracy": [
        0.9546109437942505,
        0.964337170124054,
        0.9596541523933411,
        0.9513688683509827,
        0.9636167287826538,
        0.9664985537528992
    ]
}