{
    "loss": [
        0.4069916307926178,
        0.14794713258743286,
        0.16419222950935364,
        0.11477448046207428,
        0.04583664983510971,
        0.07147853821516037
    ],
    "accuracy": [
        0.8914141654968262,
        0.9553872346878052,
        0.9520202279090881,
        0.9654881954193115,
        0.9865319728851318,
        0.9797979593276978
    ],
    "val_loss": [
        0.11242569237947464,
        0.20174351334571838,
        0.085378497838974,
        0.09591767936944962,
        0.07863356173038483,
        0.09216231852769852
    ],
    "val_accuracy": [
        0.9670920372009277,
        0.9415715336799622,
        0.9811954498291016,
        0.9771658778190613,
        0.9805238246917725,
        0.9858965873718262
    ]
}