{
    "loss": [
        0.39656907320022583,
        0.3547108769416809,
        0.32029610872268677,
        0.29596081376075745,
        0.2650304436683655,
        0.26411083340644836,
        0.24601757526397705,
        0.2223616987466812,
        0.21369242668151855,
        0.19338883459568024,
        0.19135387241840363,
        0.18025818467140198,
        0.1687406599521637,
        0.1606796681880951,
        0.16366595029830933,
        0.1459226757287979
    ],
    "accuracy": [
        0.8508257269859314,
        0.8687047958374023,
        0.8808516263961792,
        0.8883581161499023,
        0.8999590277671814,
        0.8992766737937927,
        0.9100586771965027,
        0.9168827533721924,
        0.9213866591453552,
        0.9301214814186096,
        0.9298484921455383,
        0.9350348114967346,
        0.9354442358016968,
        0.9411764740943909,
        0.9373549818992615,
        0.9441790580749512
    ],
    "val_loss": [
        0.720348596572876,
        0.5928876996040344,
        0.5907883644104004,
        0.5501883625984192,
        0.598341166973114,
        0.5416640639305115,
        0.5070465803146362,
        0.5439611673355103,
        0.5392009019851685,
        0.5012826919555664,
        0.5049954652786255,
        0.4338645935058594,
        0.5504423379898071,
        0.5738442540168762,
        0.4919878840446472,
        0.5333282351493835
    ],
    "val_accuracy": [
        0.7320312261581421,
        0.7796875238418579,
        0.790234386920929,
        0.8111327886581421,
        0.796093761920929,
        0.8167968988418579,
        0.828125,
        0.819140613079071,
        0.824023425579071,
        0.8324218988418579,
        0.8441406488418579,
        0.861523449420929,
        0.8460937738418579,
        0.835742175579071,
        0.8501952886581421,
        0.8460937738418579
    ]
}