{
    "loss": [
        0.5015016198158264,
        0.16681073606014252,
        0.12075835466384888,
        0.08844787627458572,
        0.059196170419454575,
        0.08720579743385315,
        0.11845777183771133,
        0.0729101300239563
    ],
    "accuracy": [
        0.8482367992401123,
        0.9464735388755798,
        0.9559193849563599,
        0.9704030156135559,
        0.9767002463340759,
        0.9697732925415039,
        0.9653652310371399,
        0.9729219079017639
    ],
    "val_loss": [
        0.3463388979434967,
        0.2911795675754547,
        0.19276367127895355,
        0.21515509486198425,
        0.27237483859062195,
        0.29324063658714294,
        0.18959978222846985,
        0.20551179349422455
    ],
    "val_accuracy": [
        0.8719921112060547,
        0.9051281809806824,
        0.939644992351532,
        0.9435897469520569,
        0.9390532374382019,
        0.9453648924827576,
        0.9522682428359985,
        0.9463511109352112
    ]
}