{
    "loss": [
        0.7862691283226013,
        0.4381891191005707,
        0.36737769842147827,
        0.31309857964515686,
        0.30138733983039856,
        0.2696780562400818,
        0.2734268307685852,
        0.24369601905345917,
        0.2546727657318115,
        0.23549354076385498,
        0.22214600443840027,
        0.24125845730304718
    ],
    "accuracy": [
        0.75,
        0.8540664315223694,
        0.8761445879936218,
        0.8954523801803589,
        0.8968674540519714,
        0.9098893404006958,
        0.9061445593833923,
        0.9166265726089478,
        0.9151807427406311,
        0.9225216507911682,
        0.9262650609016418,
        0.9160250425338745
    ],
    "val_loss": [
        0.6593980193138123,
        0.558535635471344,
        0.7106099724769592,
        0.5717368721961975,
        0.691235363483429,
        0.6786421537399292,
        0.8819764256477356,
        0.8174400329589844,
        0.6671984791755676,
        0.7762665748596191,
        0.8427861332893372,
        0.9041933417320251
    ],
    "val_accuracy": [
        0.8190093636512756,
        0.8516733646392822,
        0.8281124234199524,
        0.8704149723052979,
        0.8564926385879517,
        0.8698795437812805,
        0.8554216623306274,
        0.8631860613822937,
        0.8854082822799683,
        0.8629183173179626,
        0.8763052225112915,
        0.871218204498291
    ]
}